,id,significant,valid,mean_diff,pvalue,level
0,1,False,True,-0.9320624003466791,0.11,1
1,2,False,True,0.6006440153365378,0.143,1
2,3,True,True,-2.178059907174475,0.0,1
3,4,True,True,-0.8021044833898898,0.047,1
4,5,True,True,3.520473530739566,0.0,1
5,6,False,True,-0.5368943459394342,0.448,1
6,7,True,True,-3.518891189926989,0.03,1
7,8,True,True,-1.026840283655709,0.035,1
8,9,False,True,-1.0969264604461195,0.284,1
9,10,True,True,2.231922011294711,0.0,1
10,1_1,True,True,-1.8233276924975215,0.0,2
11,1_2,False,True,0.20987538252343008,0.596,2
12,1_3,True,True,-2.245603157980966,0.0,2
13,1_4,True,True,-1.0563802003159561,0.014,2
14,1_5,True,True,2.565934232447549,0.0,2
15,1_6,False,True,0.12283157470251238,0.894,2
16,1_7,False,True,-1.9553757135785728,0.256,2
17,1_8,False,True,-0.9137379628762445,0.068,2
18,1_9,False,True,-1.5759529153240974,0.148,2
19,1_10,True,True,2.0185760149111944,0.0,2
20,2_2,False,True,0.906830208620999,0.111,2
21,2_3,True,True,-1.308663367264157,0.007,2
22,2_4,False,True,-0.5060738865791556,0.266,2
23,2_5,True,True,2.1764550960220017,0.0,2
24,2_6,False,True,-1.1993874422890507,0.287,2
25,2_7,False,True,-4.31931247403894,0.065,2
26,2_8,False,True,0.009046833714107638,0.983,2
27,2_9,False,True,-1.3312545269184608,0.326,2
28,2_10,True,True,1.580511117985468,0.004,2
29,3_3,False,True,1.661160052694464,0.059,2
30,3_4,True,True,-1.7000392846749246,0.001,2
31,3_5,True,True,1.084632121560063,0.024,2
32,3_6,False,True,-0.7950033779061156,0.468,2
33,3_7,False,True,-1.8778023867497196,0.431,2
34,3_8,True,True,-3.652490605838391,0.0,2
35,3_9,False,True,-1.2061170934156582,0.337,2
36,3_10,False,True,-0.2737314458915949,0.577,2
37,4_4,True,True,-3.71227080492414,0.001,2
38,4_5,False,True,0.7950142025979123,0.056,2
39,4_6,False,True,-0.20336805791545043,0.823,2
40,4_7,True,True,-5.189251084297679,0.012,2
41,4_8,False,False,1.924854523359087,0.694,2
42,4_9,False,True,-3.0639749596343266,0.23,2
43,4_10,False,True,1.1285538022863046,0.082,2
44,5_5,True,True,3.358533883195517,0.0,2
45,5_6,False,True,0.40380112546017477,0.674,2
46,5_7,False,True,-3.7915122914603394,0.118,2
47,5_8,True,True,1.1905668765127975,0.037,2
48,5_9,False,True,0.9539469013985005,0.466,2
49,5_10,True,True,3.4306390598215657,0.0,2
50,6_6,False,True,2.633935406013723,0.455,2
51,6_7,False,True,-8.4617338417412,0.069,2
52,6_8,True,True,-3.647691641115933,0.033,2
53,6_9,False,True,-0.733885144345833,0.859,2
54,6_10,False,True,-0.3538238184775988,0.8,2
55,7_7,False,False,-2.211052704907978,0.733,2
56,7_8,False,True,-2.7168786608546664,0.311,2
57,7_9,True,False,-16.003389201693235,0.027,2
58,7_10,False,True,0.018397374453517745,0.996,2
59,8_8,True,True,-4.121868337690674,0.0,2
60,8_9,True,False,-16.26986172912835,0.0,2
61,8_10,False,True,0.40920021347643853,0.661,2
62,9_9,False,False,3.7076958526095716,0.77,2
63,9_10,True,True,7.774223138510836,0.01,2
64,10_10,False,True,0.29693292271655647,0.777,2
65,1_1_1,True,True,-2.007503217740609,0.0,3
66,1_1_2,False,True,-1.0374342648434736,0.066,3
67,1_1_3,True,True,-3.3218235276791637,0.0,3
68,1_1_4,True,True,-2.3106600847251553,0.0,3
69,1_1_5,False,True,0.5718892418564891,0.19,3
70,1_1_6,False,True,0.6391057121296688,0.657,3
71,1_1_7,False,True,-1.5318330141877787,0.541,3
72,1_1_8,True,True,-1.8037474335462318,0.003,3
73,1_1_9,True,True,-3.9148719839667354,0.005,3
74,1_1_10,True,True,1.312019724755178,0.019,3
75,1_2_2,False,True,0.01658183733872942,0.982,3
76,1_2_3,True,True,-1.582239012803217,0.004,3
77,1_2_4,False,True,-0.8369780343287578,0.096,3
78,1_2_5,True,True,1.9464192896818326,0.0,3
79,1_2_6,False,True,0.44902212831931587,0.752,3
80,1_2_7,False,True,-1.7322178178176304,0.476,3
81,1_2_8,False,True,0.32864896309429215,0.696,3
82,1_2_9,False,True,-2.3492153378120735,0.162,3
83,1_2_10,True,True,1.486003109894078,0.008,3
84,1_3_3,False,True,1.0484175460963914,0.257,3
85,1_3_4,True,True,-1.9905389917083947,0.0,3
86,1_3_5,True,True,1.1860163199691258,0.023,3
87,1_3_6,False,True,-0.7055252350883245,0.565,3
88,1_3_7,False,True,0.47292627387832775,0.861,3
89,1_3_8,True,True,-3.4580456146254566,0.0,3
90,1_3_9,False,True,-2.278704669092841,0.095,3
91,1_3_10,False,True,-0.1450417421593695,0.779,3
92,1_4_4,True,True,-5.503465388646136,0.0,3
93,1_4_5,False,True,0.6122591965324062,0.191,3
94,1_4_6,False,True,0.6663932971868656,0.515,3
95,1_4_7,False,True,-3.3358329429610407,0.177,3
96,1_4_8,False,False,2.752528231707399,0.632,3
97,1_4_9,False,True,-3.5227522620140235,0.22,3
98,1_4_10,False,True,0.8660890029103552,0.268,3
99,1_5_5,True,True,3.1607419489365576,0.0,3
100,1_5_6,False,True,1.1783492253235979,0.263,3
101,1_5_7,False,True,-2.601910355187539,0.358,3
102,1_5_8,True,True,1.4581037504468934,0.021,3
103,1_5_9,False,True,0.25304569582284353,0.842,3
104,1_5_10,True,True,3.348248361272792,0.0,3
105,1_6_6,False,True,4.176275809243208,0.333,3
106,1_6_7,False,False,-2.101004875888963,0.634,3
107,1_6_8,False,True,-2.0340375191351834,0.34,3
108,1_6_9,False,True,0.024776022813744802,1.0,3
109,1_6_10,False,True,-0.8293183017181649,0.614,3
110,1_7_7,False,False,2.3941092759357376,0.763,3
111,1_7_8,False,True,-0.6061265359656594,0.87,3
112,1_7_9,True,False,-17.917660190588087,0.006,3
113,1_7_10,False,True,4.383725855592324,0.423,3
114,1_8_8,True,True,-4.699619770342778,0.0,3
115,1_8_9,True,False,-16.26986172912835,0.0,3
116,1_8_10,False,True,1.0304970725209972,0.298,3
117,1_9_9,False,False,0.19537625973238226,0.325,3
118,1_9_10,True,True,9.839199900337487,0.011,3
119,1_10_10,False,True,0.3337524871898423,0.81,3
120,2_2_2,False,True,0.9395741170032741,0.529,3
121,2_2_3,False,True,-1.2115333790477372,0.182,3
122,2_2_4,False,True,-0.07087022934063958,0.927,3
123,2_2_5,True,True,2.1766804236236026,0.002,3
124,2_2_6,False,True,-3.0775911874222217,0.248,3
125,2_2_7,False,False,-5.869832015599259,0.287,3
126,2_2_8,False,True,-0.12480536380373675,0.929,3
127,2_2_9,False,True,1.169923352382865,0.659,3
128,2_2_10,True,True,3.2465026594330646,0.0,3
129,2_3_3,False,True,2.659544671389517,0.051,3
130,2_3_4,True,True,-1.4713068922616002,0.021,3
131,2_3_5,False,True,1.059660744716477,0.119,3
132,2_3_6,False,True,-0.7885345629082605,0.671,3
133,2_3_7,False,True,-5.688850405427512,0.095,3
134,2_3_8,True,True,-3.571627747780978,0.003,3
135,2_3_9,False,True,-0.941707907669332,0.557,3
136,2_3_10,False,True,-0.5571841647367388,0.407,3
137,2_4_4,False,True,-1.9415357591122673,0.142,3
138,2_4_5,False,True,0.308648411083432,0.534,3
139,2_4_6,False,True,-1.8317398898843291,0.189,3
140,2_4_7,False,True,-3.973990628663293,0.181,3
141,2_4_8,False,False,-0.925833085019482,0.905,3
142,2_4_9,False,True,-1.7446859090026068,0.616,3
143,2_4_10,False,True,0.25318245071745604,0.77,3
144,2_5_5,True,True,4.051978701574722,0.0,3
145,2_5_6,False,True,-0.8896309074146449,0.513,3
146,2_5_7,False,False,0.8983202096618284,0.829,3
147,2_5_8,True,True,2.5041048320316417,0.001,3
148,2_5_9,False,True,2.228622179596985,0.288,3
149,2_5_10,True,True,2.586076716942635,0.0,3
150,2_6_6,False,False,2.3417726453276884,0.714,3
151,2_6_7,False,False,-16.345018565691625,0.119,3
152,2_6_8,False,True,-6.833163403670984,0.06,3
153,2_6_9,False,False,-2.080981043320225,0.726,3
154,2_6_10,False,True,0.010604062876806708,0.997,3
155,2_7_7,True,False,-14.925573154467449,0.02,3
156,2_7_8,False,False,-0.7585321998903427,0.878,3
157,2_7_9,False,False,-13.956400779007428,0.104,3
158,2_7_10,False,False,-2.6992563090890216,0.731,3
159,2_8_8,False,True,-2.07580177763357,0.081,3
160,2_8_9,True,False,-16.26986172912835,0.0,3
161,2_8_10,False,True,-0.2034796313912386,0.887,3
162,2_9_9,False,False,3.7076958526095716,0.759,3
163,2_9_10,False,False,4.560983182238175,0.255,3
164,2_10_10,False,True,-1.7548649042751763,0.162,3
165,3_3_3,False,False,3.956561440498359,0.495,3
166,3_3_4,True,True,2.7202977855462955,0.012,3
167,3_3_5,True,True,6.456626834386007,0.004,3
168,3_3_6,False,True,-3.084608801161105,0.473,3
169,3_3_7,False,False,-3.434915427556346,0.698,3
170,3_3_8,True,True,-3.882440471498022,0.033,3
171,3_3_9,False,True,-0.7901232572378356,0.841,3
172,3_3_10,False,True,2.383931582524228,0.139,3
173,3_4_4,True,True,-3.7398421872659555,0.008,3
174,3_4_5,False,True,0.3577513000058947,0.577,3
175,3_4_6,False,True,-0.8870234652984106,0.528,3
176,3_4_7,False,True,-5.160491622401786,0.081,3
177,3_4_8,False,False,-3.954767102138039,0.66,3
178,3_4_9,False,True,-0.7139659529791327,0.828,3
179,3_4_10,False,True,-1.3440141756160195,0.107,3
180,3_5_5,True,True,5.591427880230103,0.0,3
181,3_5_6,False,True,0.459370461760217,0.806,3
182,3_5_7,False,False,0.24688808576808885,0.97,3
183,3_5_8,False,True,1.4121996575500404,0.236,3
184,3_5_9,False,True,0.910859351359846,0.587,3
185,3_5_10,False,True,1.203392082601098,0.118,3
186,3_6_6,False,False,7.78029201346205,0.116,3
187,3_6_7,False,False,-1.484077108490928,0.851,3
188,3_6_8,False,True,-3.292802771104228,0.207,3
189,3_6_9,False,False,5.297415770893473,0.265,3
190,3_6_10,False,True,1.2757291030549407,0.507,3
191,3_7_7,False,False,-5.609926636026058,0.504,3
192,3_7_8,False,False,-2.318127622920352,0.665,3
193,3_7_9,False,False,-10.615739399850442,0.401,3
194,3_7_10,False,False,8.819738310076115,0.199,3
195,3_8_8,True,True,-4.773855521398614,0.0,3
196,3_8_10,True,True,-2.878335706802428,0.007,3
197,3_9_9,False,False,35.248399065004584,0.506,3
198,3_9_10,False,False,0.37761116167577846,0.923,3
199,3_10_10,False,True,-1.9249943660104591,0.195,3
200,4_4_4,True,False,-49.34123780366299,0.0,3
201,4_4_5,True,True,-3.651724353368242,0.007,3
202,4_4_6,True,True,-9.980517817642141,0.028,3
203,4_4_7,False,False,-1.6587195035876348,0.87,3
204,4_4_9,True,False,35.12226382837578,0.0,3
205,4_4_10,False,False,-0.359762995550891,0.976,3
206,4_5_5,True,True,2.9392409786473075,0.0,3
207,4_5_6,False,True,1.2470673615263959,0.253,3
208,4_5_7,False,True,-2.570106358858107,0.46,3
209,4_5_8,False,False,3.65538070757621,0.491,3
210,4_5_9,False,True,-0.05285767149467757,0.989,3
211,4_5_10,True,True,2.1602902919263607,0.001,3
212,4_6_6,False,True,2.3918108003566383,0.561,3
213,4_6_7,True,False,-16.820035384339498,0.0,3
214,4_6_9,False,False,-9.601880304889091,0.445,3
215,4_6_10,False,True,1.0920591802780653,0.822,3
216,4_7_7,False,False,-7.100402204019302,0.421,3
217,4_7_8,True,False,-20.75808116089283,0.0,3
218,4_7_9,False,False,-19.307260361081564,0.092,3
219,4_7_10,True,False,-20.556345106870143,0.0,3
220,4_8_10,True,False,-0.4559565154950955,0.024,3
221,4_9_9,True,False,-22.510836264374184,0.0,3
222,4_9_10,True,False,32.61423626810135,0.0,3
223,4_10_10,False,False,2.774609430187106,0.496,3
224,5_5_5,False,True,0.5716762365653434,0.738,3
225,5_5_6,False,True,1.0673755152798678,0.532,3
226,5_5_7,False,False,-2.512617151088105,0.733,3
227,5_5_8,False,True,1.5683336248920194,0.102,3
228,5_5_9,False,True,0.6052987810673023,0.831,3
229,5_5_10,True,True,5.164697420428663,0.0,3
230,5_6_6,False,False,0.8961300915208361,0.867,3
231,5_6_7,False,False,-7.6018591318253055,0.109,3
232,5_6_8,False,True,-4.369982995297704,0.056,3
233,5_6_9,False,False,-1.6611410757849279,0.847,3
234,5_6_10,False,True,-0.6913150326800752,0.701,3
235,5_7_7,False,False,-12.778444461205812,0.193,3
236,5_7_8,False,True,-5.393423093207471,0.173,3
237,5_7_10,False,False,-6.779978263597647,0.114,3
238,5_8_8,True,True,-3.2368176651076994,0.0,3
239,5_8_9,True,False,-16.26986172912835,0.0,3
240,5_8_10,True,True,3.4222133116022,0.005,3
241,5_9_9,True,False,-21.5208819425309,0.0,3
242,5_9_10,True,True,10.252082688755552,0.001,3
243,5_10_10,False,True,2.152097631633189,0.089,3
244,6_6_6,True,False,-22.743781291431713,0.0,3
245,6_6_7,True,False,-43.93756150597449,0.0,3
246,6_6_8,False,False,4.426712263061248,0.646,3
247,6_6_9,False,False,-19.085602107672987,0.449,3
248,6_6_10,False,False,-6.133785316560988,0.58,3
249,6_7_7,True,False,23.07225825056536,0.0,3
250,6_7_8,False,False,1.5848682479585592,0.804,3
251,6_7_9,False,False,-19.90079610899607,0.421,3
252,6_7_10,False,False,-12.858014276456892,0.603,3
253,6_8_8,True,True,-4.826451318343147,0.041,3
254,6_8_10,False,False,-2.802064999569925,0.337,3
255,6_10_10,False,False,-3.4993898916449364,0.37,3
256,7_7_8,False,False,2.648454402053009,0.776,3
257,7_8_8,False,True,-7.266856753883117,0.06,3
258,7_8_10,False,False,15.706829423663702,0.154,3
259,7_10_10,True,False,-23.040366839057523,0.0,3
260,8_8_8,False,False,8.038926176295725,0.229,3
261,8_8_10,False,False,-3.55910653117874,0.155,3
262,9_9_9,True,False,-4.75339111154925,0.0,3
263,9_10_10,True,False,23.240322446922118,0.013,3
264,10_10_10,True,False,-23.641387614061077,0.0,3
265,1_1_1_1,False,True,-2.226927899964057,0.595,4
266,1_1_1_2,False,True,-3.328445038491973,0.14,4
267,1_1_1_3,True,True,-2.9734316275872725,0.0,4
268,1_1_1_4,True,True,-2.720404757451067,0.001,4
269,1_1_1_5,False,True,-0.5913903956863271,0.498,4
270,1_1_1_6,False,True,2.271831527157177,0.71,4
271,1_1_1_7,False,False,-0.4640923696180801,0.961,4
272,1_1_1_8,False,True,-1.6141728185614777,0.299,4
273,1_1_1_9,False,True,-1.904829977747906,0.437,4
274,1_1_1_10,False,True,-0.8544038841621657,0.409,4
275,1_1_2_2,False,True,-0.4029105101345505,0.873,4
276,1_1_2_3,True,True,-2.9908954711090443,0.0,4
277,1_1_2_4,False,True,-1.5755004740823928,0.06,4
278,1_1_2_5,False,True,0.728644583855711,0.306,4
279,1_1_2_6,False,True,-5.618241686653731,0.209,4
280,1_1_2_7,False,False,-3.527666600069187,0.374,4
281,1_1_2_8,False,True,-1.6612159754243827,0.223,4
282,1_1_2_9,True,True,-7.820210633012032,0.002,4
283,1_1_2_10,False,True,1.197240222095453,0.21,4
284,1_1_3_3,False,True,-0.7316835132508859,0.599,4
285,1_1_3_4,True,True,-3.7002123019677544,0.0,4
286,1_1_3_5,False,True,-0.5798259852328289,0.481,4
287,1_1_3_6,False,True,-3.219516834252857,0.193,4
288,1_1_3_7,False,True,-0.33382374891168887,0.913,4
289,1_1_3_8,True,True,-6.556975369370981,0.0,4
290,1_1_3_9,True,True,-4.360584463262911,0.027,4
291,1_1_3_10,False,True,0.20651171122568135,0.766,4
292,1_1_4_4,True,True,-7.314718391912841,0.011,4
293,1_1_4_5,False,True,-0.8839967877169692,0.141,4
294,1_1_4_6,False,True,1.2332143271910625,0.557,4
295,1_1_4_7,False,True,-2.7743685712147705,0.527,4
296,1_1_4_8,False,False,7.017840294667891,0.276,4
297,1_1_4_9,True,False,-12.28076339910146,0.016,4
298,1_1_4_10,False,True,-0.9329135076863702,0.492,4
299,1_1_5_5,True,True,1.877116252043264,0.047,4
300,1_1_5_6,True,True,4.767312148778558,0.015,4
301,1_1_5_7,False,True,-1.5502951920537036,0.758,4
302,1_1_5_8,False,True,1.4694128671690527,0.097,4
303,1_1_5_9,False,True,-2.755093779842765,0.138,4
304,1_1_5_10,True,True,2.8498343649000186,0.0,4
305,1_1_6_6,False,False,14.563154391010242,0.38,4
306,1_1_6_7,False,False,-1.7195770954470344,0.855,4
307,1_1_6_8,False,True,-3.2506227410735082,0.475,4
308,1_1_6_9,False,False,0.5305270567507949,0.97,4
309,1_1_6_10,False,True,0.6307795274480337,0.861,4
310,1_1_7_7,True,False,2.6839878893642206,0.003,4
311,1_1_7_8,False,False,-1.7266816168026058,0.661,4
312,1_1_7_9,False,False,-13.466471321073398,0.074,4
313,1_1_7_10,False,False,6.291315307957488,0.422,4
314,1_1_8_8,True,True,-8.603252105200658,0.0,4
315,1_1_8_10,False,True,0.8376071047223297,0.623,4
316,1_1_9_10,False,False,8.26827612078263,0.119,4
317,1_1_10_10,False,True,1.0377680885744418,0.677,4
318,1_2_2_2,False,True,-2.985211200029474,0.355,4
319,1_2_2_3,True,True,-3.117522923377688,0.022,4
320,1_2_2_4,False,True,-1.8939418485416453,0.109,4
321,1_2_2_5,False,True,1.7592317643515987,0.07,4
322,1_2_2_6,False,False,-1.875559759683665,0.709,4
323,1_2_2_7,False,False,-0.7988766732121464,0.912,4
324,1_2_2_8,False,True,-0.4545498015927043,0.859,4
325,1_2_2_9,False,True,2.4380319591478776,0.564,4
326,1_2_2_10,True,True,3.1458221782736726,0.029,4
327,1_2_3_3,False,True,2.154530008111036,0.285,4
328,1_2_3_4,True,True,-1.9942450408123844,0.001,4
329,1_2_3_5,False,True,1.557933256964533,0.069,4
330,1_2_3_6,False,True,0.5487006850493179,0.796,4
331,1_2_3_7,False,False,-5.478445033833094,0.186,4
332,1_2_3_8,True,True,-3.053482445920822,0.035,4
333,1_2_3_9,False,True,-2.9167233722502934,0.12,4
334,1_2_3_10,False,True,-0.2936775629867112,0.73,4
335,1_2_4_4,True,True,-4.086052908210801,0.012,4
336,1_2_4_5,False,True,0.16427458442153187,0.79,4
337,1_2_4_6,False,True,0.7246557589969815,0.705,4
338,1_2_4_7,False,True,0.3480182532490361,0.934,4
339,1_2_4_8,False,False,-1.8373670967328728,0.716,4
340,1_2_4_9,False,True,-1.4821071484719872,0.742,4
341,1_2_4_10,False,True,-0.6432159525840595,0.587,4
342,1_2_5_5,True,True,4.127202472856023,0.0,4
343,1_2_5_6,False,True,0.9068168410935744,0.657,4
344,1_2_5_7,False,False,4.243644322634817,0.545,4
345,1_2_5_8,True,True,3.2048155600641968,0.0,4
346,1_2_5_9,False,True,0.6845107018981147,0.783,4
347,1_2_5_10,True,True,2.609212846374021,0.0,4
348,1_2_6_6,False,False,12.21623999378661,0.103,4
349,1_2_6_7,True,False,-16.300494753860423,0.0,4
350,1_2_6_8,False,False,-5.0187406142538675,0.36,4
351,1_2_6_9,False,False,-1.091811989196236,0.856,4
352,1_2_6_10,False,True,1.426681691397373,0.639,4
353,1_2_7_8,False,False,6.116405995799386,0.3,4
354,1_2_7_9,False,False,-13.533679355054485,0.054,4
355,1_2_7_10,False,False,-0.6185481833365836,0.956,4
356,1_2_8_8,False,True,-1.7211311147031334,0.3,4
357,1_2_8_9,True,False,-16.26986172912835,0.0,4
358,1_2_8_10,False,True,0.7665650709998846,0.666,4
359,1_2_9_9,False,False,0.19537625973238226,0.308,4
360,1_2_9_10,False,False,7.121678048062686,0.366,4
361,1_2_10_10,False,True,-3.023279656846746,0.067,4
362,1_3_3_3,False,False,-1.3591630858308152,1.0,4
363,1_3_3_4,False,True,1.6876053548294472,0.165,4
364,1_3_3_5,True,True,5.826001398863177,0.019,4
365,1_3_3_6,False,False,-6.656506105352472,0.141,4
366,1_3_3_7,False,False,-3.5510720840671937,0.837,4
367,1_3_3_8,False,True,-3.0662701213779697,0.146,4
368,1_3_3_9,False,True,1.4925539630442217,0.773,4
369,1_3_3_10,True,True,3.9767556250936567,0.037,4
370,1_3_4_4,True,True,-6.421725116554722,0.0,4
371,1_3_4_5,False,True,0.4633517024098244,0.496,4
372,1_3_4_6,False,True,-0.4501012985393773,0.774,4
373,1_3_4_7,False,True,-3.346553276964127,0.349,4
374,1_3_4_8,False,False,-2.510579982876012,0.813,4
375,1_3_4_9,False,True,-2.158903588587881,0.501,4
376,1_3_4_10,False,True,-1.1783424950536898,0.264,4
377,1_3_5_5,True,True,6.406017308297933,0.0,4
378,1_3_5_6,False,True,-0.06116775850705247,0.985,4
379,1_3_5_7,False,False,9.534190141691475,0.222,4
380,1_3_5_8,False,True,2.4038866660675455,0.077,4
381,1_3_5_9,False,True,-0.7092797284181764,0.711,4
382,1_3_5_10,False,True,1.6437838839840855,0.065,4
383,1_3_6_6,False,False,9.935217253058353,0.088,4
384,1_3_6_7,False,False,4.218262514330805,0.68,4
385,1_3_6_8,False,True,-1.3452426739255725,0.72,4
386,1_3_6_9,False,False,3.5021458714569893,0.551,4
387,1_3_6_10,False,True,0.4547702457677114,0.848,4
388,1_3_7_7,False,False,2.2504869787329773,0.756,4
389,1_3_7_8,False,False,5.0090969805274685,0.506,4
390,1_3_7_9,False,False,-20.777608138837763,0.154,4
391,1_3_7_10,True,False,17.601061816169477,0.022,4
392,1_3_8_8,True,True,-4.595141002805882,0.0,4
393,1_3_8_10,False,True,-2.421330753229741,0.066,4
394,1_3_9_10,False,False,-7.9572049013572315,0.523,4
395,1_3_10_10,False,True,-3.121844520957219,0.065,4
396,1_4_4_5,True,True,-4.912535798407777,0.001,4
397,1_4_4_6,False,True,-6.285583234656038,0.125,4
398,1_4_4_7,False,False,-9.753412262106966,0.509,4
399,1_4_5_5,True,True,2.682143942102565,0.0,4
400,1_4_5_6,False,True,1.8837107799498014,0.16,4
401,1_4_5_7,False,True,-0.09981433560495434,0.982,4
402,1_4_5_8,False,False,3.7994930037723273,0.585,4
403,1_4_5_9,False,True,-1.3619020201874692,0.71,4
404,1_4_5_10,True,True,2.1663898840835025,0.025,4
405,1_4_6_6,False,False,4.120155761241886,0.386,4
406,1_4_6_7,True,False,-12.033129025671144,0.004,4
407,1_4_6_9,False,False,7.413457070192958,0.507,4
408,1_4_6_10,False,False,-0.44536166209121664,0.934,4
409,1_4_7_7,False,False,0.989360603764021,0.957,4
410,1_4_7_9,True,False,-38.46918041750986,0.0,4
411,1_4_7_10,True,False,-24.045374526036348,0.006,4
412,1_4_9_10,True,False,32.61423626810135,0.0,4
413,1_4_10_10,True,False,18.51724551558104,0.017,4
414,1_5_5_5,False,True,0.8956443462037345,0.717,4
415,1_5_5_6,False,True,2.434909004718524,0.273,4
416,1_5_5_7,False,False,-2.860675985009875,0.739,4
417,1_5_5_8,False,True,1.6924500995337763,0.142,4
418,1_5_5_9,False,True,-0.6737081256085939,0.827,4
419,1_5_5_10,True,True,5.215567834163236,0.0,4
420,1_5_6_6,False,False,1.402572787009352,0.801,4
421,1_5_6_7,False,False,-11.90656310849971,0.11,4
422,1_5_6_8,False,True,-2.460022091222193,0.367,4
423,1_5_6_9,False,False,-4.016824240579751,0.644,4
424,1_5_6_10,False,True,-1.3631346197204157,0.577,4
425,1_5_7_7,False,False,-12.778444461205812,0.201,4
426,1_5_7_8,False,False,-4.48138975693594,0.318,4
427,1_5_7_10,False,False,-3.337581275831723,0.589,4
428,1_5_8_8,True,True,-3.9350844180954843,0.003,4
429,1_5_8_9,True,False,-16.26986172912835,0.0,4
430,1_5_8_10,True,True,5.015159431436928,0.001,4
431,1_5_9_10,True,False,12.305957071217405,0.002,4
432,1_5_10_10,False,True,2.880133057971602,0.072,4
433,1_6_6_6,True,False,-23.876510550716688,0.0,4
434,1_6_6_8,False,False,0.11045310831933497,0.948,4
435,1_6_6_9,False,False,-19.085602107672987,0.466,4
436,1_6_6_10,False,False,-10.646895707932988,0.069,4
437,1_6_7_7,True,False,23.07225825056536,0.0,4
438,1_6_7_8,False,False,11.698231045333923,0.089,4
439,1_6_7_9,True,False,1.2793784025564485,0.0,4
440,1_6_7_10,True,False,10.628121474217076,0.0,4
441,1_6_8_8,False,True,-2.776484485960871,0.449,4
442,1_6_8_10,False,False,-1.8326172690118958,0.682,4
443,1_6_10_10,False,False,-6.915302761761268,0.125,4
444,1_7_7_8,False,False,2.648454402053009,0.79,4
445,1_7_8_8,False,False,-6.151762259570929,0.243,4
446,1_7_8_10,True,False,26.37476630004257,0.0,4
447,1_7_10_10,True,False,-14.108359314525318,0.0,4
448,1_8_8_8,False,False,-0.22719023009832284,0.991,4
449,1_8_8_10,False,False,-4.515791218642166,0.098,4
450,1_9_10_10,True,False,26.407145755608163,0.019,4
451,1_10_10_10,True,False,-23.641387614061077,0.0,4
452,2_2_2_2,False,False,1.4265627763520627,0.742,4
453,2_2_2_3,False,True,-1.6043504404905984,0.559,4
454,2_2_2_4,False,True,-1.266720919290171,0.502,4
455,2_2_2_5,True,True,3.322490170300259,0.038,4
456,2_2_2_6,False,False,10.096975419493292,0.324,4
457,2_2_2_7,True,False,-28.111501230392268,0.0,4
458,2_2_2_8,False,False,2.558506529802749,0.584,4
459,2_2_2_9,False,False,-3.0859607632578725,0.745,4
460,2_2_2_10,False,True,5.721144613459195,0.123,4
461,2_2_3_3,False,True,5.086587780667873,0.06,4
462,2_2_3_4,False,True,-1.261206856897494,0.293,4
463,2_2_3_5,False,True,0.2675098338531212,0.904,4
464,2_2_3_6,False,True,-2.309502324791544,0.624,4
465,2_2_3_7,True,False,3.533003876428048,0.015,4
466,2_2_3_8,False,True,-3.7942119371799294,0.236,4
467,2_2_3_9,False,True,2.463756104994367,0.477,4
468,2_2_3_10,False,True,-0.6333359181250475,0.686,4
469,2_2_4_4,False,True,-1.9884364376396422,0.433,4
470,2_2_4_5,False,True,0.5613621265028947,0.546,4
471,2_2_4_6,False,True,-3.6953862088840177,0.262,4
472,2_2_4_7,False,False,-0.37318890572057795,0.947,4
473,2_2_4_9,False,False,-0.07354195040030787,0.995,4
474,2_2_4_10,True,True,4.271985295306198,0.013,4
475,2_2_5_5,True,True,3.405523420206677,0.031,4
476,2_2_5_6,False,True,-2.678436802927061,0.375,4
477,2_2_5_7,True,False,9.549071251053823,0.0,4
478,2_2_5_8,False,True,1.3450661037040454,0.384,4
479,2_2_5_9,False,False,6.492210078452426,0.223,4
480,2_2_5_10,True,True,4.850220691326559,0.0,4
481,2_2_6_6,True,False,26.766501952506143,0.0,4
482,2_2_6_7,True,False,-47.91343610422085,0.0,4
483,2_2_6_8,True,False,-49.91963738529491,0.0,4
484,2_2_6_9,False,False,-4.08005702051187,0.787,4
485,2_2_6_10,False,False,2.844763532275307,0.616,4
486,2_2_7_8,True,False,-49.91963738529491,0.0,4
487,2_2_7_9,True,False,-25.74050604272512,0.022,4
488,2_2_7_10,False,False,23.78147567728356,0.124,4
489,2_2_8_8,False,True,-2.451919470581118,0.401,4
490,2_2_8_10,False,True,0.01042387232016928,0.998,4
491,2_2_9_9,False,False,7.348391605391588,0.673,4
492,2_2_9_10,False,False,-1.7283962738175405,0.87,4
493,2_2_10_10,False,False,0.8689405302036328,0.884,4
494,2_3_3_3,False,False,8.335959617556158,0.179,4
495,2_3_3_4,True,True,5.30367778662622,0.002,4
496,2_3_3_5,False,False,13.094848876656004,0.086,4
497,2_3_3_6,False,False,-2.512044849459125,0.774,4
498,2_3_3_7,True,False,-20.172691641300126,0.0,4
499,2_3_3_8,True,True,-13.348738581689247,0.0,4
500,2_3_3_9,False,True,-2.4107296191921783,0.612,4
501,2_3_3_10,False,True,-1.9496922047814622,0.439,4
502,2_3_4_4,False,True,-1.9279609948009626,0.304,4
503,2_3_4_5,False,True,-0.4209945341419168,0.674,4
504,2_3_4_6,False,True,-2.3271542908184513,0.319,4
505,2_3_4_7,False,False,-4.94116159200196,0.264,4
506,2_3_4_8,True,False,6.594453033603276,0.0,4
507,2_3_4_9,False,True,0.4645855178444802,0.909,4
508,2_3_4_10,False,True,-2.1944243787052047,0.052,4
509,2_3_5_5,False,True,5.308359256008913,0.121,4
510,2_3_5_6,False,True,-1.4572818891249626,0.64,4
511,2_3_5_8,True,True,4.694623903911496,0.022,4
512,2_3_5_9,False,True,3.9960890574667123,0.101,4
513,2_3_5_10,False,True,0.5062733970965931,0.639,4
514,2_3_6_6,False,False,7.455738421116331,0.455,4
515,2_3_6_7,False,False,17.8257410006931,0.245,4
516,2_3_6_8,True,False,-10.25741312651342,0.035,4
517,2_3_6_9,False,False,4.0740695463258945,0.468,4
518,2_3_6_10,False,True,3.2475496315471055,0.266,4
519,2_3_7_7,True,False,-14.925573154467449,0.015,4
520,2_3_7_8,True,False,-9.106117101935222,0.023,4
521,2_3_7_9,False,False,0.1880510936643045,0.991,4
522,2_3_7_10,False,False,-0.8090740283371134,1.0,4
523,2_3_8_8,True,True,-6.379019348096037,0.0,4
524,2_3_8_10,True,True,-5.025974118352514,0.022,4
525,2_3_9_9,False,False,35.248399065004584,0.535,4
526,2_3_9_10,False,False,0.16829049299119347,0.982,4
527,2_3_10_10,False,True,-1.3091821258174987,0.478,4
528,2_4_4_4,True,False,-49.34123780366299,0.0,4
529,2_4_4_5,False,True,-2.9638656963007945,0.094,4
530,2_4_4_6,True,False,-29.682922958211265,0.041,4
531,2_4_4_7,False,False,7.917937965122807,0.413,4
532,2_4_4_9,True,False,35.12226382837578,0.0,4
533,2_4_4_10,False,False,-0.359762995550891,0.983,4
534,2_4_5_5,True,True,2.6999063292422876,0.006,4
535,2_4_5_6,False,True,-0.8271368280267912,0.633,4
536,2_4_5_7,False,False,-4.0488806534824935,0.327,4
537,2_4_5_8,False,False,-0.925833085019482,0.899,4
538,2_4_5_9,False,False,2.4390026955957156,0.73,4
539,2_4_5_10,False,True,0.8118333258660337,0.423,4
540,2_4_6_6,False,False,-1.424322873218946,0.826,4
541,2_4_6_7,True,False,-18.57607986512452,0.02,4
542,2_4_6_9,True,False,-26.55753048690886,0.006,4
543,2_4_6_10,False,False,-2.6091227840435365,0.667,4
544,2_4_7_7,True,False,-14.925573154467449,0.018,4
545,2_4_7_9,False,False,-19.578479578601048,0.229,4
546,2_4_7_10,False,False,-10.30091443993906,0.271,4
547,2_4_8_10,True,False,-0.4559565154950955,0.022,4
548,2_4_9_9,True,False,-22.510836264374184,0.0,4
549,2_4_10_10,True,False,-9.351055633866016,0.0,4
550,2_5_5_5,False,False,-3.81316779598898,0.219,4
551,2_5_5_6,False,True,0.7992215145393118,0.806,4
552,2_5_5_8,True,True,3.4318140218720474,0.008,4
553,2_5_5_9,True,False,13.044819648818889,0.04,4
554,2_5_5_10,True,True,6.214490390279202,0.0,4
555,2_5_6_6,False,False,3.296798081938763,0.744,4
556,2_5_6_7,True,False,-6.335044157139771,0.0,4
557,2_5_6_8,False,False,-5.364263227267637,0.433,4
558,2_5_6_9,False,False,-8.352513873991178,0.653,4
559,2_5_6_10,False,True,-2.764633798340448,0.353,4
560,2_5_7_8,False,False,13.840541823621823,0.138,4
561,2_5_7_10,False,False,-6.276400734020445,0.432,4
562,2_5_8_8,False,True,-0.9205640165883417,0.515,4
563,2_5_8_9,True,False,-16.26986172912835,0.0,4
564,2_5_8_10,False,True,2.1131135490899333,0.257,4
565,2_5_9_9,True,False,-21.5208819425309,0.0,4
566,2_5_9_10,True,False,8.36687416840795,0.018,4
567,2_5_10_10,False,True,-0.316652554075592,0.829,4
568,2_6_6_6,True,False,-22.218720055134778,0.0,4
569,2_6_6_7,True,False,-26.51096048325631,0.0,4
570,2_6_6_8,True,False,10.453704602287768,0.0,4
571,2_6_6_10,False,False,-19.469650355026065,0.512,4
572,2_6_7_8,False,False,-22.086322044645726,0.263,4
573,2_6_7_9,False,False,-24.66102706988679,0.434,4
574,2_6_8_8,False,False,-8.656115060537811,0.228,4
575,2_6_8_10,False,False,-2.082901057692136,0.735,4
576,2_6_10_10,False,False,2.979609434510543,0.74,4
577,2_7_8_8,False,False,-3.3216400936811423,0.534,4
578,2_8_8_8,True,False,19.766877433057395,0.0,4
579,2_8_8_10,False,False,-1.4112304347178137,0.785,4
580,2_9_9_9,True,False,-4.75339111154925,0.0,4
581,2_9_10_10,True,False,-9.154078140935445,0.0,4
582,3_3_3_4,False,False,1.1034296142648596,0.954,4
583,3_3_3_8,True,False,33.98017002162572,0.0,4
584,3_3_3_9,True,False,29.538033011910812,0.0,4
585,3_3_4_4,False,True,4.657525828236302,0.202,4
586,3_3_4_5,True,True,7.10099850333722,0.02,4
587,3_3_4_6,False,False,-2.0405346082156357,0.724,4
588,3_3_4_7,False,False,-1.2115478356528333,0.887,4
589,3_3_4_8,False,False,-12.720830659185518,0.543,4
590,3_3_4_9,False,False,-8.677310281560814,0.201,4
591,3_3_4_10,False,True,0.9838525645843621,0.772,4
592,3_3_5_5,True,False,19.24975364159009,0.0,4
593,3_3_5_6,False,False,6.783771557977118,1.0,4
594,3_3_5_8,False,False,2.83813566771595,0.758,4
595,3_3_5_9,False,False,-0.4569882188744607,1.0,4
596,3_3_5_10,True,False,7.015503382569453,0.021,4
597,3_3_6_8,True,False,-21.036852660002705,0.0,4
598,3_3_6_9,False,False,8.254839710504546,0.499,4
599,3_3_6_10,False,False,2.5119216191521354,0.829,4
600,3_3_7_8,True,False,-20.75808116089283,0.0,4
601,3_3_7_9,False,False,-31.445985138227257,0.097,4
602,3_3_7_10,True,False,34.3208224166263,0.0,4
603,3_3_8_8,False,True,-1.952607220363539,0.473,4
604,3_3_8_10,False,False,-0.880119168133088,0.819,4
605,3_3_9_9,True,False,-23.765583101474082,0.0,4
606,3_3_10_10,False,False,5.034855813036446,0.339,4
607,3_4_4_4,True,False,-49.34123780366299,0.0,4
608,3_4_4_5,False,True,-1.8593419593819331,0.408,4
609,3_4_4_6,False,True,-9.888087135656647,0.093,4
610,3_4_4_7,False,False,-4.911329295360842,0.63,4
611,3_4_5_5,True,True,6.1766488259120855,0.0,4
612,3_4_5_6,False,True,1.5598055849584278,0.515,4
613,3_4_5_7,False,False,-1.423174081400146,0.87,4
614,3_4_5_8,True,False,6.594453033603276,0.0,4
615,3_4_5_9,True,False,8.295466775628867,0.027,4
616,3_4_5_10,False,True,-1.0463293217262084,0.446,4
617,3_4_6_6,False,False,7.0809580824138285,0.212,4
618,3_4_6_7,False,False,-16.855324049373188,0.25,4
619,3_4_6_9,True,False,22.429173526108407,0.04,4
620,3_4_6_10,False,False,5.990430458666373,0.435,4
621,3_4_7_7,False,False,-4.236331299456193,0.703,4
622,3_4_7_8,True,False,-20.75808116089283,0.0,4
623,3_4_7_9,False,False,-18.315387500483098,0.299,4
624,3_4_7_10,False,False,-18.493736162223342,0.138,4
625,3_4_10_10,True,False,31.373595935820195,0.0,4
626,3_5_5_5,False,False,-8.13747328124727,0.071,4
627,3_5_5_6,True,False,10.47670353263783,0.0,4
628,3_5_5_7,True,False,30.384296456136227,0.0,4
629,3_5_5_8,False,False,10.00026013192198,0.068,4
630,3_5_5_9,False,False,-1.82311584852203,0.932,4
631,3_5_5_10,False,False,-2.698169487775039,0.34,4
632,3_5_6_6,False,False,10.98803555300064,0.539,4
633,3_5_6_7,True,False,0.5167049809446196,0.007,4
634,3_5_6_8,False,False,-4.664866333656667,0.363,4
635,3_5_6_9,False,False,-2.5108607303532704,0.824,4
636,3_5_6_10,False,True,2.1174285618937003,0.624,4
637,3_5_7_8,False,False,2.874684768074231,0.897,4
638,3_5_7_10,True,False,-11.048411365760858,0.038,4
639,3_5_8_8,False,True,-1.0815680876636253,0.598,4
640,3_5_8_10,False,True,0.5623866946892218,0.867,4
641,3_5_9_10,False,False,4.999030610124733,0.096,4
642,3_5_10_10,False,True,0.10350988967832908,0.963,4
643,3_6_6_7,True,False,-60.890458998572754,0.0,4
644,3_6_6_8,True,False,10.591299272612298,0.0,4
645,3_6_6_9,True,False,43.571272210461906,0.0,4
646,3_6_6_10,False,False,5.6258854848055435,0.501,4
647,3_6_7_8,False,False,-1.913768053011105,0.836,4
648,3_6_7_9,True,False,38.89254669200541,0.0,4
649,3_6_7_10,False,False,-12.858014276456892,0.56,4
650,3_6_8_8,False,True,-1.3499790608985573,0.737,4
651,3_6_8_10,False,False,-2.514039978560328,0.441,4
652,3_6_10_10,False,False,-3.379365234237391,0.489,4
653,3_7_7_8,True,False,-22.47151215116271,0.0,4
654,3_7_8_8,False,False,-10.570931699064461,0.302,4
655,3_7_8_10,False,False,7.353524753512698,0.533,4
656,3_8_8_8,False,False,4.709285606581076,0.576,4
657,3_8_8_10,False,False,-2.9611480437052684,0.151,4
658,3_10_10_10,True,False,-23.641387614061077,0.0,4
659,4_4_5_5,False,True,0.7023382227106794,0.844,4
660,4_4_5_6,False,False,-7.756778380120896,0.212,4
661,4_4_5_7,True,False,19.919589856432456,0.0,4
662,4_4_5_10,False,False,-0.359762995550891,0.974,4
663,4_4_6_6,True,False,-16.874810700939832,0.0,4
664,4_4_6_7,False,False,-14.89458872117438,0.074,4
665,4_4_7_9,True,False,35.12226382837578,0.0,4
666,4_5_5_5,False,True,0.884122241766899,0.684,4
667,4_5_5_6,False,True,1.0720699922962957,0.535,4
668,4_5_5_7,False,False,-8.897182141742274,0.365,4
669,4_5_5_9,False,False,-4.197499009486536,0.193,4
670,4_5_5_10,True,True,6.226510357533632,0.0,4
671,4_5_6_6,False,False,3.635824507924262,0.579,4
672,4_5_6_7,False,False,-3.45810122966125,0.354,4
673,4_5_6_9,True,False,10.233624619622983,0.0,4
674,4_5_6_10,False,False,1.672411548726687,0.781,4
675,4_5_7_7,False,False,-12.778444461205812,0.204,4
676,4_5_7_10,True,False,-16.618586547421828,0.0,4
677,4_5_8_10,True,False,-0.4559565154950955,0.023,4
678,4_5_9_10,True,False,32.61423626810135,0.0,4
679,4_5_10_10,False,False,2.5802950431561036,0.56,4
680,4_6_6_6,True,False,-22.218720055134778,0.0,4
681,4_6_6_7,True,False,-43.93756150597449,0.0,4
682,4_6_6_9,True,False,-35.69642373557566,0.0,4
683,4_6_6_10,True,False,58.052753721845335,0.0,4
684,4_6_7_9,True,False,-44.302898638365356,0.0,4
685,4_6_7_10,True,False,-55.40530152269451,0.0,4
686,4_7_10_10,True,False,-33.15031668163301,0.0,4
687,5_5_5_6,False,False,7.355417924768419,0.39,4
688,5_5_5_8,False,False,0.04962434667287763,0.978,4
689,5_5_5_9,True,False,5.280804899870999,0.0,4
690,5_5_5_10,False,False,5.388291612655655,0.19,4
691,5_5_6_6,False,False,3.9654436689528687,0.782,4
692,5_5_6_8,False,False,-3.952642096169498,0.389,4
693,5_5_6_9,True,False,10.44000378036175,0.0,4
694,5_5_6_10,False,False,-2.0948894635217177,0.671,4
695,5_5_7_8,False,False,1.0078471131842393,0.929,4
696,5_5_7_10,True,False,-2.5102466767797056,0.0,4
697,5_5_8_8,False,True,-2.290058337334423,0.141,4
698,5_5_8_10,False,True,1.3807749265159646,0.733,4
699,5_5_9_10,True,False,5.028444780725511,0.0,4
700,5_5_10_10,False,True,4.849063662620834,0.074,4
701,5_6_6_6,True,False,-23.876510550716688,0.0,4
702,5_6_6_8,True,False,30.936058138114323,0.0,4
703,5_6_6_9,True,False,-45.968372676079895,0.0,4
704,5_6_6_10,False,False,-8.53333573175192,0.488,4
705,5_6_7_8,False,False,-6.248385085171268,0.506,4
706,5_6_8_8,True,True,-8.038716071509729,0.0,4
707,5_6_8_10,False,False,-4.037445437574249,0.368,4
708,5_6_10_10,False,False,-2.512168788067052,0.708,4
709,5_7_8_8,True,False,-11.889935903723458,0.009,4
710,5_7_8_10,False,False,12.316943143096145,0.493,4
711,5_7_10_10,True,False,-23.040366839057523,0.0,4
712,5_8_8_8,True,False,14.060059901034112,0.0,4
713,5_8_8_10,False,False,-16.609260229229907,0.07,4
714,5_9_10_10,True,False,23.240322446922118,0.015,4
715,6_6_8_8,False,False,-5.237887070092311,0.502,4
716,6_6_8_10,True,False,-10.32963404212978,0.0,4
717,6_7_7_8,True,False,23.07225825056536,0.0,4
718,6_7_8_8,False,False,-5.2484942235041,0.56,4
719,6_8_8_8,True,False,25.062906381133804,0.0,4
720,6_8_8_10,False,False,1.828958263066613,0.114,4
721,1_1_1_1_3,False,False,-10.435693048871284,0.229,5
722,1_1_1_1_4,False,False,-3.2936939644521424,0.573,5
723,1_1_1_1_5,False,False,2.744089326515496,0.456,5
724,1_1_1_1_6,True,False,-9.351331924870381,0.0,5
725,1_1_1_1_8,True,False,-12.662025412810218,0.0,5
726,1_1_1_1_10,True,False,20.93445646153143,0.035,5
727,1_1_1_2_3,False,True,0.18046844475367063,0.953,5
728,1_1_1_2_4,False,False,0.23304709665632029,0.958,5
729,1_1_1_2_5,False,True,-4.864063907250186,0.328,5
730,1_1_1_2_8,False,False,-11.543891393713109,0.165,5
731,1_1_1_2_9,True,False,-17.950105438558825,0.007,5
732,1_1_1_2_10,False,False,-0.09965270003033311,0.99,5
733,1_1_1_3_3,False,False,-3.229134867083834,0.406,5
734,1_1_1_3_4,True,True,-4.772052014194815,0.0,5
735,1_1_1_3_5,False,True,0.680997332627344,0.794,5
736,1_1_1_3_6,False,False,-10.909248777158009,0.152,5
737,1_1_1_3_7,True,False,11.678486402914633,0.0,5
738,1_1_1_3_8,False,True,-5.085135996548283,0.094,5
739,1_1_1_3_9,False,True,-0.6152935026611379,0.867,5
740,1_1_1_3_10,False,True,-0.8290799858565558,0.529,5
741,1_1_1_4_4,True,False,8.792479833452422,0.0,5
742,1_1_1_4_5,False,True,-1.0510102080895996,0.437,5
743,1_1_1_4_6,False,False,3.498454491009571,0.654,5
744,1_1_1_4_7,True,False,27.60933175906448,0.0,5
745,1_1_1_4_10,True,False,-19.13012040830956,0.049,5
746,1_1_1_5_5,False,False,-3.9455189163739,0.434,5
747,1_1_1_5_6,False,False,17.696001915711353,0.148,5
748,1_1_1_5_7,False,False,-15.058992209273253,0.539,5
749,1_1_1_5_8,False,True,0.9064037485367171,0.579,5
750,1_1_1_5_9,False,True,-0.9118065394524497,0.799,5
751,1_1_1_5_10,False,True,-0.5795773626367384,0.765,5
752,1_1_1_6_6,True,False,45.49127545662193,0.0,5
753,1_1_1_6_8,True,False,-30.16540666455606,0.0,5
754,1_1_1_6_9,True,False,-17.912073539984423,0.0,5
755,1_1_1_6_10,True,False,-41.842653500764776,0.0,5
756,1_1_1_7_8,False,False,-3.2695656587896607,0.688,5
757,1_1_1_7_9,True,False,-35.42602726149101,0.0,5
758,1_1_1_7_10,True,False,6.716246236425885,0.0,5
759,1_1_1_8_8,True,False,11.724721039736519,0.0,5
760,1_1_1_8_10,True,False,-19.13848808645239,0.017,5
761,1_1_1_9_10,False,False,0.8687179183755913,1.0,5
762,1_1_1_10_10,False,False,-1.4339686451961473,0.916,5
763,1_1_2_2_2,True,False,-18.466390932434024,0.0,5
764,1_1_2_2_3,False,True,-6.9307170311261554,0.213,5
765,1_1_2_2_4,False,False,3.4481286649231264,0.438,5
766,1_1_2_2_5,False,False,-1.1924793590592355,0.773,5
767,1_1_2_2_6,False,False,-10.344905932632518,0.371,5
768,1_1_2_2_8,True,False,-23.1298165053792,0.0,5
769,1_1_2_2_10,True,False,20.381940455735077,0.022,5
770,1_1_2_3_3,False,False,-1.8773514314657445,0.837,5
771,1_1_2_3_4,True,True,-4.0412903006169,0.001,5
772,1_1_2_3_5,False,True,2.9076973124441543,0.297,5
773,1_1_2_3_6,False,False,-4.643826453455829,0.671,5
774,1_1_2_3_7,True,False,-14.168649924591271,0.012,5
775,1_1_2_3_8,True,True,-7.204293858571399,0.006,5
776,1_1_2_3_9,True,True,-8.123167075343106,0.014,5
777,1_1_2_3_10,False,True,1.1193088066984318,0.489,5
778,1_1_2_4_4,True,False,22.684954175073763,0.019,5
779,1_1_2_4_5,False,True,-0.5525703037104803,0.644,5
780,1_1_2_4_6,False,False,-4.126843149607358,0.543,5
781,1_1_2_4_7,False,False,1.3347286144021115,0.951,5
782,1_1_2_4_9,True,False,8.107260358923721,0.03,5
783,1_1_2_4_10,False,False,8.346215613409395,0.148,5
784,1_1_2_5_5,True,True,6.80493399849644,0.037,5
785,1_1_2_5_6,False,False,-1.4904909876281178,0.859,5
786,1_1_2_5_7,False,False,1.965605473143985,1.0,5
787,1_1_2_5_8,True,True,3.35617934875404,0.046,5
788,1_1_2_5_9,False,False,-6.612417109873759,0.163,5
789,1_1_2_5_10,False,True,1.6339264749694107,0.183,5
790,1_1_2_6_6,True,False,28.909073254872865,0.0,5
791,1_1_2_6_8,True,False,-29.601566862809285,0.0,5
792,1_1_2_6_10,True,False,-14.711498019588113,0.01,5
793,1_1_2_7_8,False,False,1.5870722978310887,0.894,5
794,1_1_2_7_9,False,False,-9.461110900047933,0.346,5
795,1_1_2_7_10,False,False,-5.415033714972436,0.642,5
796,1_1_2_8_8,False,False,-3.0444457812273207,0.764,5
797,1_1_2_8_10,False,False,-4.8990565148383425,0.387,5
798,1_1_2_9_10,True,False,-27.495868072383,0.0,5
799,1_1_2_10_10,False,False,-8.580502400244582,0.111,5
800,1_1_3_3_4,False,True,-0.8858834217632368,0.603,5
801,1_1_3_3_5,False,False,-4.961650393623271,0.584,5
802,1_1_3_3_6,True,False,-15.439153133875571,0.0,5
803,1_1_3_3_8,False,False,-5.5914300938220425,0.231,5
804,1_1_3_3_9,False,False,28.053278043621177,0.06,5
805,1_1_3_3_10,False,False,3.4799299041096967,0.359,5
806,1_1_3_4_4,True,True,-10.266898462006711,0.003,5
807,1_1_3_4_5,False,True,-2.0063972501427383,0.098,5
808,1_1_3_4_6,False,True,-3.381006300313042,0.308,5
809,1_1_3_4_7,False,False,-4.01161859480169,0.398,5
810,1_1_3_4_8,False,False,2.6910227988228166,0.509,5
811,1_1_3_4_9,True,False,-16.51070584569979,0.012,5
812,1_1_3_4_10,False,True,-2.1277929206847035,0.285,5
813,1_1_3_5_5,False,False,3.2069369441932296,0.66,5
814,1_1_3_5_6,False,False,-2.5109634268261254,0.662,5
815,1_1_3_5_7,True,False,-15.296525209009324,0.0,5
816,1_1_3_5_8,True,True,-5.869252041503911,0.027,5
817,1_1_3_5_9,False,True,-3.437041375421814,0.195,5
818,1_1_3_5_10,True,True,3.9109120938071196,0.021,5
819,1_1_3_6_6,False,False,7.39321072247243,0.728,5
820,1_1_3_6_8,False,False,-5.643470428641124,0.554,5
821,1_1_3_6_9,False,False,-11.099569601655292,0.53,5
822,1_1_3_6_10,False,False,3.513811616912645,0.507,5
823,1_1_3_7_7,True,False,4.520208161540066,0.0,5
824,1_1_3_7_8,False,False,-4.326849413835648,0.644,5
825,1_1_3_7_9,True,False,-11.851150565886591,0.0,5
826,1_1_3_7_10,False,False,19.346748678099146,0.074,5
827,1_1_3_8_8,True,True,-10.101516411686784,0.0,5
828,1_1_3_8_10,False,True,-3.181328816108638,0.09,5
829,1_1_3_9_10,True,False,0.6722094618837979,0.0,5
830,1_1_3_10_10,False,False,-5.240037192547636,0.214,5
831,1_1_4_4_5,True,False,-12.206882744380252,0.006,5
832,1_1_4_4_7,False,False,-48.36273150021577,0.508,5
833,1_1_4_5_5,False,True,-0.27878877592655105,0.858,5
834,1_1_4_5_6,False,True,5.401527816262668,0.065,5
835,1_1_4_5_7,False,False,8.803694917269716,0.196,5
836,1_1_4_5_8,False,False,7.815627470677171,0.356,5
837,1_1_4_5_9,False,False,-13.172702484773486,0.152,5
838,1_1_4_5_10,False,True,0.5623722475211972,0.719,5
839,1_1_4_6_7,True,False,-14.300428294917161,0.038,5
840,1_1_4_6_10,False,False,2.1491442992666663,0.783,5
841,1_1_4_7_10,True,False,-32.33222065260994,0.04,5
842,1_1_4_10_10,True,False,11.805002504262104,0.0,5
843,1_1_5_5_5,False,False,-5.161328474186583,0.764,5
844,1_1_5_5_6,False,False,9.776372991939285,0.348,5
845,1_1_5_5_7,False,False,-1.282121903283832,1.0,5
846,1_1_5_5_8,True,True,4.002518408092399,0.01,5
847,1_1_5_5_9,False,False,-4.939601688148166,0.229,5
848,1_1_5_5_10,False,True,4.289806120278068,0.064,5
849,1_1_5_6_6,True,False,5.190564995909712,0.0,5
850,1_1_5_6_7,True,False,-39.09358353690323,0.0,5
851,1_1_5_6_8,False,False,0.6555857731754133,0.905,5
852,1_1_5_6_9,False,False,8.710585953249158,0.578,5
853,1_1_5_6_10,False,False,2.303377339146234,0.597,5
854,1_1_5_7_8,False,False,-10.08368292593637,0.146,5
855,1_1_5_7_10,False,False,11.559542600963116,0.584,5
856,1_1_5_8_8,True,True,-7.572721845102908,0.001,5
857,1_1_5_8_10,True,True,7.845387093106178,0.006,5
858,1_1_5_9_10,True,False,11.953551663650714,0.049,5
859,1_1_5_10_10,False,False,6.671648493773715,0.079,5
860,1_1_6_7_8,True,False,14.169027283476714,0.0,5
861,1_1_6_8_8,False,False,-3.9051581504471944,0.527,5
862,1_1_6_8_10,False,False,-29.071390467229953,0.49,5
863,1_1_7_7_8,True,False,0.4019122814449818,0.047,5
864,1_1_7_8_8,True,False,17.748229301414643,0.0,5
865,1_2_2_2_2,True,False,34.665005834489115,0.0,5
866,1_2_2_2_3,False,False,-13.251181656260576,0.095,5
867,1_2_2_2_4,False,False,-0.3910389968406176,0.938,5
868,1_2_2_2_5,False,False,-0.8365178261015216,0.883,5
869,1_2_2_2_6,False,False,3.730679855671059,1.0,5
870,1_2_2_2_8,True,False,-11.296047245758546,0.0,5
871,1_2_2_2_9,True,False,-30.31275117201143,0.0,5
872,1_2_2_2_10,False,False,-3.9381808831280587,0.673,5
873,1_2_2_3_3,False,False,7.760121182777732,0.514,5
874,1_2_2_3_4,True,True,-4.581160463152676,0.029,5
875,1_2_2_3_5,False,False,5.414865952837577,0.193,5
876,1_2_2_3_6,True,False,-14.507288519831349,0.045,5
877,1_2_2_3_8,False,False,-3.9392484178357003,0.563,5
878,1_2_2_3_9,False,False,2.422428007590804,0.637,5
879,1_2_2_3_10,False,True,-0.4320138755605383,0.866,5
880,1_2_2_4_4,False,False,-3.6758908775475536,0.64,5
881,1_2_2_4_5,False,True,-0.867739603644631,0.61,5
882,1_2_2_4_6,False,False,6.704214217074833,0.624,5
883,1_2_2_4_7,False,False,3.4523433646050146,0.641,5
884,1_2_2_4_9,False,False,3.434422298326483,0.236,5
885,1_2_2_4_10,False,False,5.7888124179750875,0.389,5
886,1_2_2_5_5,False,False,1.8336188596194942,0.718,5
887,1_2_2_5_6,False,False,0.6451168520254811,0.837,5
888,1_2_2_5_8,False,True,1.5798644060515699,0.598,5
889,1_2_2_5_9,False,False,8.420455915023311,0.346,5
890,1_2_2_5_10,True,True,4.316543669008983,0.016,5
891,1_2_2_6_7,True,False,-6.391743388145205,0.0,5
892,1_2_2_6_9,True,False,36.09692232856528,0.0,5
893,1_2_2_7_9,False,False,-15.862463068700055,0.081,5
894,1_2_2_7_10,True,False,50.684131920192414,0.0,5
895,1_2_2_8_8,True,False,-5.333901283484104,0.0,5
896,1_2_2_8_10,True,False,-4.451122922178335,0.0,5
897,1_2_2_9_9,False,False,0.19537625973238226,0.321,5
898,1_2_2_9_10,True,False,21.719664734982395,0.0,5
899,1_2_2_10_10,True,False,-48.75617468970099,0.0,5
900,1_2_3_3_3,True,False,-8.67328650121772,0.0,5
901,1_2_3_3_4,False,True,4.349871381058572,0.072,5
902,1_2_3_3_7,True,False,-9.250118263353096,0.0,5
903,1_2_3_3_8,True,False,-14.73282433794413,0.021,5
904,1_2_3_3_9,False,False,0.2311789059180045,0.958,5
905,1_2_3_3_10,False,False,0.0984751521689522,0.98,5
906,1_2_3_4_4,True,True,-6.345889389346387,0.0,5
907,1_2_3_4_5,False,True,-0.0722840157969995,0.959,5
908,1_2_3_4_6,False,True,-0.22564920231831298,0.939,5
909,1_2_3_4_7,False,False,-0.8744743446576706,0.869,5
910,1_2_3_4_9,False,False,-1.6685377346512977,0.77,5
911,1_2_3_4_10,False,True,-2.038740357695745,0.193,5
912,1_2_3_5_5,False,False,4.093573961290852,0.493,5
913,1_2_3_5_6,False,False,1.9141791896957896,0.828,5
914,1_2_3_5_8,True,True,10.166805554304082,0.0,5
915,1_2_3_5_9,False,False,0.6055386418359827,0.855,5
916,1_2_3_5_10,False,True,1.5291081826322994,0.299,5
917,1_2_3_6_6,True,False,-18.263052361949622,0.0,5
918,1_2_3_6_8,False,False,-10.117996695874428,0.371,5
919,1_2_3_6_9,False,False,0.7073584332533969,0.928,5
920,1_2_3_6_10,False,True,6.5727285111552245,0.124,5
921,1_2_3_7_8,True,False,-6.345229562946924,0.0,5
922,1_2_3_7_9,False,False,-5.916837232397128,0.526,5
923,1_2_3_8_8,False,True,-5.245759493280796,0.089,5
924,1_2_3_8_10,False,True,-4.260589447338301,0.133,5
925,1_2_3_9_10,True,False,-63.75151802568907,0.0,5
926,1_2_3_10_10,False,False,-3.2021105625813946,0.185,5
927,1_2_4_4_5,True,True,-4.7555480107520385,0.027,5
928,1_2_4_4_7,False,False,25.213821498429407,0.238,5
929,1_2_4_5_5,False,True,2.440339533177453,0.066,5
930,1_2_4_5_6,False,True,2.474515162280654,0.355,5
931,1_2_4_5_7,False,False,6.444035272283765,0.07,5
932,1_2_4_5_8,False,False,-1.8373670967328728,0.721,5
933,1_2_4_5_9,False,False,-2.7604985749406996,0.798,5
934,1_2_4_5_10,False,True,0.050960947275120905,0.978,5
935,1_2_4_6_6,True,False,-2.510232493201018,0.0,5
936,1_2_4_6_7,True,False,-26.51096048325631,0.0,5
937,1_2_4_7_9,True,False,-41.382757513080996,0.0,5
938,1_2_5_5_5,False,False,7.679213312895978,0.322,5
939,1_2_5_5_6,False,False,9.621136906089944,0.109,5
940,1_2_5_5_8,False,True,3.1945441444129123,0.095,5
941,1_2_5_5_9,False,False,8.648048061771394,0.256,5
942,1_2_5_5_10,True,True,7.086202578725274,0.0,5
943,1_2_5_6_6,False,False,19.40182773819577,0.091,5
944,1_2_5_6_8,False,False,-8.002811976512389,0.2,5
945,1_2_5_6_9,False,False,-25.061556550563136,0.128,5
946,1_2_5_6_10,False,False,-2.6163926963691693,0.621,5
947,1_2_5_7_8,True,False,25.63180243909965,0.0,5
948,1_2_5_7_10,False,False,-5.177516232549571,0.683,5
949,1_2_5_8_8,False,True,-0.5168562532576344,0.796,5
950,1_2_5_8_9,True,False,-16.26986172912835,0.0,5
951,1_2_5_8_10,False,True,4.213787529280792,0.086,5
952,1_2_5_9_10,False,False,13.267313786489332,0.071,5
953,1_2_5_10_10,False,True,-1.3595634802981114,0.524,5
954,1_2_6_6_8,True,False,10.453704602287768,0.0,5
955,1_2_6_8_8,True,False,45.44179828872888,0.0,5
956,1_2_6_8_10,False,False,11.124075629313715,0.334,5
957,1_2_6_10_10,True,False,-32.8270027272062,0.0,5
958,1_2_7_8_8,False,False,4.985448761863747,0.556,5
959,1_2_8_8_10,True,False,6.988805538624881,0.0,5
960,1_3_3_3_4,False,False,-3.2806172012006742,1.0,5
961,1_3_3_3_8,True,False,33.98017002162572,0.0,5
962,1_3_3_4_4,False,False,-5.084870467938209,0.364,5
963,1_3_3_4_5,True,True,7.066386671391024,0.036,5
964,1_3_3_4_6,False,False,-0.5957073083332494,0.926,5
965,1_3_3_4_7,False,False,6.471688800092531,0.509,5
966,1_3_3_4_8,False,False,-8.658115567991013,0.525,5
967,1_3_3_4_9,False,False,-1.8511453014363195,0.61,5
968,1_3_3_4_10,False,False,3.4180391428502577,0.49,5
969,1_3_3_5_8,True,False,-33.703486247986724,0.0,5
970,1_3_3_5_9,False,False,-0.4569882188744607,1.0,5
971,1_3_3_5_10,True,False,7.978229570555624,0.01,5
972,1_3_3_6_8,True,False,-17.40799535296231,0.0,5
973,1_3_3_6_10,False,False,-21.61759872592963,0.173,5
974,1_3_3_7_9,True,False,-96.26332584539212,0.0,5
975,1_3_3_7_10,True,False,34.3208224166263,0.0,5
976,1_3_3_8_8,False,False,-1.6038361635814278,0.568,5
977,1_3_3_8_10,False,False,4.506498683835671,0.346,5
978,1_3_3_10_10,False,False,9.457731550616119,0.158,5
979,1_3_4_4_5,False,True,-3.2161923072055973,0.253,5
980,1_3_4_4_6,False,False,-3.869080845190785,0.501,5
981,1_3_4_4_7,True,False,-28.118718605413775,0.0,5
982,1_3_4_5_5,True,True,7.569776013978322,0.0,5
983,1_3_4_5_6,False,True,0.14437881205630543,0.971,5
984,1_3_4_5_7,False,False,3.6649638024833955,0.836,5
985,1_3_4_5_9,False,False,5.6077726275833975,0.153,5
986,1_3_4_5_10,False,True,0.10876414585047511,0.961,5
987,1_3_4_6_6,False,False,9.661015767482137,0.119,5
988,1_3_4_6_9,True,False,46.173995007929896,0.0,5
989,1_3_4_6_10,False,False,-0.06782067924747937,0.994,5
990,1_3_4_7_7,True,False,30.467994893992813,0.0,5
991,1_3_4_7_9,True,False,-36.971107685674085,0.0,5
992,1_3_5_5_7,True,False,30.384296456136227,0.0,5
993,1_3_5_5_8,False,False,15.070357389944638,0.112,5
994,1_3_5_5_9,False,False,-1.82311584852203,0.946,5
995,1_3_5_5_10,False,False,-4.884493277746573,0.286,5
996,1_3_5_6_6,True,False,37.38022347832612,0.0,5
997,1_3_5_6_8,False,False,2.923287626491129,0.629,5
998,1_3_5_6_9,False,False,-5.487797394281909,0.649,5
999,1_3_5_6_10,False,False,-1.621497539587781,0.766,5
1000,1_3_5_7_8,True,False,28.10597564257282,0.0,5
1001,1_3_5_7_10,True,False,-4.220657546858085,0.0,5
1002,1_3_5_8_8,False,True,1.3040145956251727,0.596,5
1003,1_3_5_8_10,False,False,1.8514579415250294,0.613,5
1004,1_3_5_9_10,False,False,1.1510273215925548,0.74,5
1005,1_3_5_10_10,False,False,-2.09677830190443,0.56,5
1006,1_3_6_6_8,True,False,10.591299272612298,0.0,5
1007,1_3_6_6_9,True,False,43.571272210461906,0.0,5
1008,1_3_6_7_8,False,False,-1.0527370596520098,1.0,5
1009,1_3_6_7_9,True,False,1.2793784025564485,0.0,5
1010,1_3_6_7_10,True,False,10.628121474217076,0.0,5
1011,1_3_6_8_8,False,False,7.915881313659055,0.258,5
1012,1_3_6_8_10,False,False,-4.299304980470562,0.502,5
1013,1_3_6_10_10,False,False,-7.363946480470208,0.106,5
1014,1_3_7_7_8,True,False,-22.47151215116271,0.0,5
1015,1_3_7_8_8,True,False,55.32297049336346,0.0,5
1016,1_3_7_8_10,True,False,19.781986789656962,0.0,5
1017,1_3_8_8_8,False,False,-0.22719023009832284,0.996,5
1018,1_3_8_8_10,True,False,-5.343445825332918,0.043,5
1019,1_3_10_10_10,True,False,-23.641387614061077,0.0,5
1020,1_4_4_5_5,False,False,-1.6796703561961421,0.698,5
1021,1_4_4_5_6,False,False,-10.068649312898753,0.155,5
1022,1_4_4_5_7,True,False,27.243635032034064,0.0,5
1023,1_4_4_6_7,False,False,-14.89458872117438,0.069,5
1024,1_4_5_5_5,False,False,0.8665507358708346,0.8,5
1025,1_4_5_5_6,False,True,0.5304150388496511,0.806,5
1026,1_4_5_5_7,False,False,-9.620959360530621,0.425,5
1027,1_4_5_5_9,False,False,-4.197499009486536,0.176,5
1028,1_4_5_5_10,True,True,5.819471613132304,0.003,5
1029,1_4_5_6_6,False,False,-0.28998646636019165,0.999,5
1030,1_4_5_6_7,False,False,-5.032772300103296,0.356,5
1031,1_4_5_6_10,False,False,-1.6397831817815032,0.828,5
1032,1_4_5_7_7,False,False,-12.778444461205812,0.195,5
1033,1_4_5_7_10,False,False,-16.933009440694647,0.121,5
1034,1_4_5_9_10,True,False,32.61423626810135,0.0,5
1035,1_4_5_10_10,True,False,18.858403096762604,0.014,5
1036,1_4_6_6_9,True,False,-35.69642373557566,0.0,5
1037,1_5_5_5_8,False,False,0.3530591096961113,0.937,5
1038,1_5_5_5_9,True,False,5.280804899870999,0.0,5
1039,1_5_5_5_10,False,False,1.1258210045606676,0.91,5
1040,1_5_5_6_8,False,False,9.335317660470269,0.582,5
1041,1_5_5_6_9,True,False,10.44000378036175,0.0,5
1042,1_5_5_6_10,False,False,-3.462442218771407,0.711,5
1043,1_5_5_7_8,False,False,3.919191489611617,0.905,5
1044,1_5_5_8_8,True,True,-4.793871227670433,0.045,5
1045,1_5_5_8_10,False,False,4.577672292781683,0.341,5
1046,1_5_5_9_10,True,False,5.028444780725511,0.0,5
1047,1_5_5_10_10,False,False,3.7186751926400854,0.393,5
1048,1_5_6_6_6,True,False,-23.876510550716688,0.0,5
1049,1_5_6_6_8,True,False,30.936058138114323,0.0,5
1050,1_5_6_6_9,True,False,-45.968372676079895,0.0,5
1051,1_5_6_6_10,True,False,-10.722772422424631,0.041,5
1052,1_5_6_8_8,True,False,-8.312314449707063,0.05,5
1053,1_5_6_8_10,True,False,3.0494573355401156,0.031,5
1054,1_5_6_10_10,False,False,-4.331403098434478,0.664,5
1055,1_5_7_8_8,True,False,-13.563572586170723,0.005,5
1056,1_5_7_8_10,True,False,36.992389247236204,0.0,5
1057,1_5_7_10_10,True,False,-14.108359314525318,0.0,5
1058,1_5_8_8_10,True,False,-37.002754311118444,0.0,5
1059,1_5_9_10_10,True,False,26.407145755608163,0.019,5
1060,1_6_6_8_8,True,False,-41.39036101501477,0.0,5
1061,1_6_6_8_10,True,False,-10.32963404212978,0.0,5
1062,1_6_7_7_8,True,False,23.07225825056536,0.0,5
1063,2_2_2_2_3,True,False,-6.757940636998384,0.04,5
1064,2_2_2_2_4,True,False,-28.580195654342482,0.023,5
1065,2_2_2_2_5,True,False,11.468404488491291,0.001,5
1066,2_2_2_2_9,True,False,-11.399504003756586,0.0,5
1067,2_2_2_2_10,True,False,15.719210559101475,0.0,5
1068,2_2_2_3_3,False,False,8.86473583561791,0.633,5
1069,2_2_2_3_4,False,True,-3.607396733321244,0.311,5
1070,2_2_2_3_6,True,False,47.93123241118755,0.0,5
1071,2_2_2_3_8,False,False,-10.045144301891344,0.279,5
1072,2_2_2_3_9,False,False,3.9878091810726652,0.675,5
1073,2_2_2_3_10,False,False,1.4879038215104612,0.819,5
1074,2_2_2_4_4,True,False,-29.68089840564922,0.0,5
1075,2_2_2_4_5,False,True,0.5698783004133698,0.8,5
1076,2_2_2_4_7,True,False,-28.111501230392268,0.0,5
1077,2_2_2_4_10,False,False,17.38622208650141,0.14,5
1078,2_2_2_5_5,False,False,8.213823545231879,0.152,5
1079,2_2_2_5_6,False,False,-5.610310243079461,0.684,5
1080,2_2_2_5_8,False,False,6.865983165395885,0.144,5
1081,2_2_2_5_9,False,False,-11.44346208044432,0.51,5
1082,2_2_2_5_10,True,False,12.044310408671937,0.016,5
1083,2_2_2_6_9,True,False,43.430039703225965,0.0,5
1084,2_2_2_6_10,True,False,-16.542391679633745,0.0,5
1085,2_2_3_3_3,False,False,-0.20982906010189906,0.303,5
1086,2_2_3_3_4,True,False,8.97718522321586,0.008,5
1087,2_2_3_3_9,False,False,-9.78492290893023,0.308,5
1088,2_2_3_3_10,False,False,0.2022614997770793,0.968,5
1089,2_2_3_4_4,False,False,4.12264213437728,0.238,5
1090,2_2_3_4_5,False,True,-1.7819753250016197,0.503,5
1091,2_2_3_4_6,False,False,-4.319374339942225,0.456,5
1092,2_2_3_4_7,True,False,3.533003876428048,0.029,5
1093,2_2_3_4_9,False,False,9.630561921431335,0.181,5
1094,2_2_3_4_10,False,True,0.37236573722548316,0.885,5
1095,2_2_3_5_8,False,False,1.6587301268588872,0.816,5
1096,2_2_3_5_9,True,False,8.49689039616598,0.0,5
1097,2_2_3_5_10,False,True,1.6761291441056727,0.748,5
1098,2_2_3_6_9,False,False,3.4000042878495162,0.52,5
1099,2_2_3_6_10,False,False,-0.5829690983152067,1.0,5
1100,2_2_3_8_8,False,False,-2.1333545629402484,0.654,5
1101,2_2_3_8_10,False,False,-8.654965154084563,0.273,5
1102,2_2_3_9_9,True,False,79.10237032117129,0.0,5
1103,2_2_3_9_10,False,False,-19.406988525852537,0.067,5
1104,2_2_3_10_10,False,False,-12.939313622415664,0.172,5
1105,2_2_4_4_5,False,False,-5.028538266385425,0.169,5
1106,2_2_4_5_5,False,True,2.538268205700123,0.222,5
1107,2_2_4_5_6,False,False,-4.141457528411971,0.254,5
1108,2_2_4_5_9,True,False,-8.593906631594038,0.0,5
1109,2_2_4_5_10,True,True,6.288962256143499,0.003,5
1110,2_2_4_6_6,True,False,26.766501952506143,0.0,5
1111,2_2_4_6_9,True,False,-41.77461334871851,0.0,5
1112,2_2_4_7_9,True,False,-28.328096970237294,0.0,5
1113,2_2_4_9_9,True,False,-22.510836264374184,0.0,5
1114,2_2_5_5_6,False,False,-13.278024288421268,0.584,5
1115,2_2_5_5_8,False,False,2.894619525739177,0.4,5
1116,2_2_5_5_9,True,False,25.469366656119163,0.0,5
1117,2_2_5_5_10,False,False,4.6231103820788455,0.309,5
1118,2_2_5_6_9,True,False,29.270088384787773,0.0,5
1119,2_2_5_6_10,True,False,9.987752794550728,0.009,5
1120,2_2_5_7_10,True,False,9.549071251053823,0.0,5
1121,2_2_5_8_8,False,True,-2.516845520609218,0.502,5
1122,2_2_5_8_10,False,False,1.6406287777739577,0.602,5
1123,2_2_5_9_9,True,False,-21.5208819425309,0.0,5
1124,2_2_5_9_10,True,False,-5.607136320317406,0.0,5
1125,2_2_5_10_10,False,False,12.038316362033012,0.115,5
1126,2_2_6_7_8,True,False,-49.91963738529491,0.0,5
1127,2_2_6_7_9,True,False,-80.43880640849396,0.0,5
1128,2_2_9_9_9,True,False,-4.75339111154925,0.0,5
1129,2_3_3_3_4,False,False,6.299203825897893,0.31,5
1130,2_3_3_3_9,True,False,35.911970069163964,0.0,5
1131,2_3_3_4_4,True,False,10.040615693320806,0.038,5
1132,2_3_3_4_5,False,False,19.30058203345372,0.078,5
1133,2_3_3_4_6,False,False,-5.175027305939272,0.774,5
1134,2_3_3_4_7,True,False,-25.8421722232242,0.0,5
1135,2_3_3_4_9,False,False,-21.548094496280704,0.168,5
1136,2_3_3_4_10,False,False,-4.348487974211734,0.319,5
1137,2_3_3_5_8,True,False,-6.137551431436466,0.0,5
1138,2_3_3_5_10,False,False,4.563894470642817,0.728,5
1139,2_3_3_6_9,False,False,8.254839710504546,0.515,5
1140,2_3_3_6_10,False,False,-1.8532533372905318,1.0,5
1141,2_3_3_8_8,True,False,-13.312399300372016,0.026,5
1142,2_3_3_8_10,True,False,-12.04422504223018,0.016,5
1143,2_3_3_9_9,True,False,-23.765583101474082,0.0,5
1144,2_3_3_10_10,True,False,-8.382083399256059,0.0,5
1145,2_3_4_4_4,True,False,-49.34123780366299,0.0,5
1146,2_3_4_4_5,False,False,-0.2785131769599576,0.96,5
1147,2_3_4_4_6,False,False,-32.9458476918732,0.053,5
1148,2_3_4_4_7,True,False,-11.63430610218432,0.003,5
1149,2_3_4_5_5,False,False,4.501158464623288,0.413,5
1150,2_3_4_5_6,False,False,-2.9854536406672754,0.556,5
1151,2_3_4_5_8,True,False,6.594453033603276,0.0,5
1152,2_3_4_5_9,True,False,22.732786119823206,0.001,5
1153,2_3_4_5_10,True,True,-4.662116931031525,0.027,5
1154,2_3_4_6_6,False,False,11.0010332512713,0.327,5
1155,2_3_4_6_7,False,False,5.1052976745708705,0.524,5
1156,2_3_4_6_9,False,False,2.7232487035530593,0.511,5
1157,2_3_4_6_10,False,False,2.703176616884883,0.836,5
1158,2_3_4_7_7,True,False,-14.925573154467449,0.025,5
1159,2_3_4_7_9,False,False,-17.907885389401983,0.546,5
1160,2_3_4_7_10,False,False,-0.8090740283371134,1.0,5
1161,2_3_5_5_8,True,False,10.59978264616712,0.015,5
1162,2_3_5_5_10,False,False,-1.4324212707640893,0.881,5
1163,2_3_5_6_9,False,False,-2.5103436924245153,1.0,5
1164,2_3_5_6_10,False,False,-0.750323267621936,0.897,5
1165,2_3_5_8_8,True,False,-8.976519854996615,0.016,5
1166,2_3_5_8_10,False,False,-2.955619625215441,0.701,5
1167,2_3_5_9_10,True,False,6.1769966681873525,0.034,5
1168,2_3_5_10_10,False,False,1.9875652021610453,0.419,5
1169,2_3_6_6_10,True,False,23.1721759895331,0.0,5
1170,2_3_6_7_8,False,False,-0.1781629026784617,0.393,5
1171,2_3_6_7_9,True,False,72.92107609575346,0.0,5
1172,2_3_6_8_8,False,False,-15.302820026764774,0.051,5
1173,2_3_6_8_10,True,False,-6.230266692131313,0.046,5
1174,2_3_6_10_10,False,False,20.164984910016155,0.102,5
1175,2_3_7_8_8,True,False,-11.97373045268843,0.01,5
1176,2_3_8_8_8,True,False,19.766877433057395,0.0,5
1177,2_3_8_8_10,False,False,4.2116278041287165,0.533,5
1178,2_4_4_5_5,False,False,6.295459483526491,0.319,5
1179,2_4_4_5_6,True,False,4.690024607069088,0.0,5
1180,2_4_4_5_7,True,False,5.36964904001793,0.0,5
1181,2_4_4_5_10,False,False,-0.359762995550891,0.978,5
1182,2_4_4_7_9,True,False,35.12226382837578,0.0,5
1183,2_4_5_5_5,False,False,-4.12381878665069,0.285,5
1184,2_4_5_5_6,False,False,-2.2318007701342517,0.437,5
1185,2_4_5_5_10,True,True,8.237167418063837,0.013,5
1186,2_4_5_6_6,False,False,-0.8479262753771364,0.945,5
1187,2_4_5_6_7,True,False,-6.335044157139771,0.0,5
1188,2_4_5_6_10,False,False,-3.801871531658303,0.61,5
1189,2_4_5_7_10,True,False,-15.460190516433371,0.0,5
1190,2_4_5_8_10,True,False,-0.4559565154950955,0.023,5
1191,2_4_5_10_10,True,False,-9.351055633866016,0.0,5
1192,2_4_6_6_6,True,False,-22.218720055134778,0.0,5
1193,2_4_6_6_7,True,False,-26.51096048325631,0.0,5
1194,2_4_6_7_9,True,False,-44.302898638365356,0.0,5
1195,2_5_5_5_8,False,False,-12.453533339850699,0.157,5
1196,2_5_5_5_10,True,False,-12.974151641934405,0.048,5
1197,2_5_5_6_6,False,False,2.6997757002023706,0.489,5
1198,2_5_5_6_8,True,False,54.091588772556385,0.0,5
1199,2_5_5_6_10,False,False,-7.63561778413788,0.495,5
1200,2_5_5_8_8,False,True,3.6587906364155582,0.187,5
1201,2_5_5_8_10,False,False,-0.8652323821419103,0.902,5
1202,2_5_5_10_10,False,False,6.529152527497037,0.117,5
1203,2_5_6_6_10,True,False,-46.18382223799582,0.0,5
1204,2_5_6_8_8,False,False,-10.842676639419668,0.217,5
1205,2_5_6_8_10,True,False,-37.805585404900874,0.0,5
1206,2_5_6_10_10,False,False,-5.310149386114354,0.597,5
1207,2_5_7_8_8,False,False,-0.9733962569655723,1.0,5
1208,2_5_8_8_10,False,False,-13.911599232350923,0.065,5
1209,2_5_9_10_10,True,False,-9.154078140935445,0.0,5
1210,2_6_8_8_10,True,False,7.44405851576656,0.0,5
1211,3_3_3_4_9,True,False,14.39180008703378,0.0,5
1212,3_3_4_4_5,False,False,-12.345984594376805,0.187,5
1213,3_3_4_4_7,True,False,32.22769964441025,0.0,5
1214,3_3_4_5_5,True,False,19.24975364159009,0.0,5
1215,3_3_4_5_6,True,False,-35.78476700178046,0.0,5
1216,3_3_4_5_10,False,False,-0.5735724593982667,0.922,5
1217,3_3_4_6_10,True,False,38.34232565248063,0.0,5
1218,3_3_4_7_8,True,False,-20.75808116089283,0.0,5
1219,3_3_4_7_9,True,False,-0.7335074397793333,0.0,5
1220,3_3_5_6_8,True,False,-26.234739866576497,0.0,5
1221,3_3_5_6_10,True,False,49.22006220047719,0.0,5
1222,3_3_5_8_8,True,False,17.60254952450993,0.016,5
1223,3_3_5_10_10,False,False,-2.5104256634955284,1.0,5
1224,3_3_6_10_10,True,False,21.49053014332918,0.0,5
1225,3_4_4_5_5,False,False,1.2690314926601722,0.967,5
1226,3_4_4_5_6,True,False,13.4549095057178,0.0,5
1227,3_4_4_6_6,True,False,-16.874810700939832,0.0,5
1228,3_4_5_5_5,False,False,-8.13747328124727,0.09,5
1229,3_4_5_5_6,True,False,10.47670353263783,0.0,5
1230,3_4_5_5_10,False,False,-0.04835290325561781,0.981,5
1231,3_4_5_6_7,True,False,0.5167049809446196,0.009,5
1232,3_4_5_6_9,True,False,10.233624619622983,0.0,5
1233,3_4_5_6_10,False,False,21.62815897655836,0.152,5
1234,3_4_5_7_10,False,False,-14.580359388840202,0.083,5
1235,3_4_5_10_10,True,False,31.373595935820195,0.0,5
1236,3_4_6_6_7,True,False,-60.890458998572754,0.0,5
1237,3_4_6_7_10,True,False,-55.40530152269451,0.0,5
1238,3_5_5_8_8,True,False,-17.394438823447807,0.0,5
1239,3_5_5_8_10,True,False,-28.59479020812079,0.0,5
1240,3_5_6_6_10,True,False,-8.358208038350037,0.0,5
1241,3_5_6_8_8,False,False,-5.21500900041308,0.421,5
1242,3_5_7_8_8,True,False,-42.634311825738585,0.0,5
1243,3_5_7_8_10,True,False,-13.999952993880303,0.0,5
1244,3_5_8_8_8,True,False,18.259748789919264,0.0,5
1245,3_6_7_8_8,False,False,-4.293718032318774,0.465,5
1246,3_6_8_8_10,True,False,1.4738486053007156,0.0,5
1247,4_4_5_5_5,True,False,-8.027503929767263,0.02,5
1248,4_5_5_5_6,False,False,6.732447626074032,0.537,5
1249,4_5_5_5_10,True,False,10.111130790468437,0.042,5
1250,4_5_5_6_6,True,False,7.675913607398213,0.0,5
1251,4_5_5_7_10,True,False,-2.5102466767797056,0.0,5
1252,4_5_5_10_10,True,False,-5.455152600140092,0.0,5
1253,4_5_6_6_10,True,False,58.052753721845335,0.0,5
1254,4_5_7_10_10,True,False,-33.15031668163301,0.0,5
1255,5_5_5_6_10,True,False,8.826921108219105,0.0,5
1256,5_5_5_8_8,False,False,0.022846401289200458,0.997,5
1257,5_5_5_8_10,True,False,3.5196069861559045,0.0,5
1258,5_5_5_10_10,False,False,0.20685337065030485,0.285,5
1259,5_5_6_8_8,False,False,-9.249546331287346,0.067,5
1260,5_5_6_8_10,False,False,-7.982595603776454,0.066,5
1261,5_5_6_10_10,True,False,37.40608824123612,0.0,5
1262,5_5_7_8_8,False,False,-1.4328248722292196,0.895,5
1263,5_5_8_8_8,True,False,10.82370028980399,0.0,5
1264,5_6_7_8_8,False,False,-6.248385085171268,0.489,5
1265,6_6_8_8_8,True,False,25.062906381133804,0.0,5
